<?xml version="1.0" encoding="UTF-8"?>
<config xmlns="http://www.knime.org/2008/09/XMLConfig" xmlns:xsi="http://www.w3.org/2001/XMLSchema-instance" xsi:schemaLocation="http://www.knime.org/2008/09/XMLConfig http://www.knime.org/XMLConfig_2008_09.xsd" key="MiningSchema">
    <config key="learning">
        <entry key="array-size" type="xint" value="13"/>
        <entry key="0" type="xstring" value="Phyiscal Health"/>
        <entry key="1" type="xstring" value="Mental Health"/>
        <entry key="2" type="xstring" value="Dental Health"/>
        <entry key="3" type="xstring" value="Employment"/>
        <entry key="4" type="xstring" value="Stress Keeps Patient from Sleeping"/>
        <entry key="5" type="xstring" value="Medication Keeps Patient from Sleeping"/>
        <entry key="6" type="xstring" value="Pain Keeps Patient from Sleeping"/>
        <entry key="7" type="xstring" value="Bathroom Needs Keeps Patient from Sleeping"/>
        <entry key="8" type="xstring" value="Uknown Keeps Patient from Sleeping"/>
        <entry key="9" type="xstring" value="Trouble Sleeping"/>
        <entry key="10" type="xstring" value="Prescription Sleep Medication"/>
        <entry key="11" type="xstring" value="Race"/>
        <entry key="12" type="xstring" value="Gender"/>
    </config>
    <config key="target">
        <entry key="array-size" type="xint" value="1"/>
        <entry key="0" type="xstring" value="Number of Doctors Visited"/>
    </config>
</config>
